<?xml version="1.0"?>
<!--<!DOCTYPE metadata SYSTEM "http://www.esri.com/metadata/esriprof80.dtd">-->
<metadata xml:lang="en"><Esri><MetaID>{77D3F7B7-22D7-4620-B250-5423FE506732}</MetaID><CreaDate>20131030</CreaDate><CreaTime>17211300</CreaTime><SyncOnce>TRUE</SyncOnce><DataProperties><lineage><Process ToolSource="C:\Program Files (x86)\ArcGIS\ArcToolbox\Toolboxes\Data Management Tools.tbx\RepairGeometry" Date="20131030" Time="172113">RepairGeometry 20131030_ScheduledMonument DELETE_NULL 20131030_ScheduledMonument</Process></lineage></DataProperties></Esri></metadata>
