<?xml version="1.0"?>
<!--<!DOCTYPE metadata SYSTEM "http://www.esri.com/metadata/esriprof80.dtd">-->
<metadata xml:lang="en"><Esri><MetaID>{3CAF9F06-D8D3-4BEC-9873-3DE053892C2B}</MetaID><CreaDate>20131008</CreaDate><CreaTime>11570400</CreaTime><SyncOnce>TRUE</SyncOnce><DataProperties><lineage><Process ToolSource="C:\Program Files (x86)\ArcGIS\ArcToolbox\Toolboxes\Data Management Tools.tbx\RepairGeometry" Date="20131008" Time="115704">RepairGeometry 20131008_Battlefield DELETE_NULL 20131008_Battlefield</Process></lineage></DataProperties></Esri></metadata>
