<?xml version="1.0"?>
<!--<!DOCTYPE metadata SYSTEM "http://www.esri.com/metadata/esriprof80.dtd">-->
<metadata xml:lang="en"><Esri><MetaID>{7CCAE4DC-26E4-41EA-856F-45E2DAF1EA55}</MetaID><CreaDate>20131030</CreaDate><CreaTime>17192300</CreaTime><SyncOnce>TRUE</SyncOnce><DataProperties><lineage><Process ToolSource="C:\Program Files (x86)\ArcGIS\ArcToolbox\Toolboxes\Data Management Tools.tbx\RepairGeometry" Date="20131030" Time="171923">RepairGeometry 20131030_ListedBuildingPoints DELETE_NULL 20131030_ListedBuildingPoints</Process></lineage></DataProperties></Esri></metadata>
