<?xml version="1.0"?>
<!--<!DOCTYPE metadata SYSTEM "http://www.esri.com/metadata/esriprof80.dtd">-->
<metadata xml:lang="en"><Esri><MetaID>{58BA27D9-39FD-4037-ADA0-B0A9821AD316}</MetaID><CreaDate>20130911</CreaDate><CreaTime>15064300</CreaTime><SyncOnce>TRUE</SyncOnce><DataProperties><lineage><Process ToolSource="C:\Program Files (x86)\ArcGIS\ArcToolbox\Toolboxes\Data Management Tools.tbx\RepairGeometry" Date="20130911" Time="150643">RepairGeometry 20130911_ParkAndGarden DELETE_NULL 20130911_ParkAndGarden</Process></lineage></DataProperties></Esri></metadata>
